ID,ESTACION,FECHA,HORA,LONGITUD,LATITUD,ALTITUD,PM10,PM2_5,NO2,DEPARTAMENTO,PROVINCIA,DISTRITO,UBIGEO,FECHA_CORTE
1,SAN_BORJA,20150101,050000,-77.0077,-12.1086,128,,24.8,,LIMA,LIMA,SAN_BORJA,150130,20240430
2,SAN_BORJA,20150101,060000,-77.0077,-12.1086,128,,51,,LIMA,LIMA,SAN_BORJA,150130,20240430
3,SAN_BORJA,20150101,070000,-77.0077,-12.1086,128,,95,,LIMA,LIMA,SAN_BORJA,150130,20240430
4,SAN_BORJA,20150101,080000,-77.0077,-12.1086,128,,42.3,,LIMA,LIMA,SAN_BORJA,150130,20240430
5,SAN_BORJA,20150101,090000,-77.0077,-12.1086,128,,27.7,,LIMA,LIMA,SAN_BORJA,150130,20240430
6,SAN_BORJA,20150101,100000,-77.0077,-12.1086,128,,15.6,,LIMA,LIMA,SAN_BORJA,150130,20240430
7,SAN_BORJA,20150101,110000,-77.0077,-12.1086,128,,11.4,,LIMA,LIMA,SAN_BORJA,150130,20240430
8,SAN_BORJA,20150101,120000,-77.0077,-12.1086,128,,10.3,,LIMA,LIMA,SAN_BORJA,150130,20240430
9,SAN_BORJA,20150101,130000,-77.0077,-12.1086,128,,15.8,,LIMA,LIMA,SAN_BORJA,150130,20240430
10,SAN_BORJA,20150101,140000,-77.0077,-12.1086,128,,18.2,,LIMA,LIMA,SAN_BORJA,150130,20240430
11,SAN_BORJA,20150101,150000,-77.0077,-12.1086,128,,10.4,,LIMA,LIMA,SAN_BORJA,150130,20240430
12,SAN_BORJA,20150101,160000,-77.0077,-12.1086,128,,13,,LIMA,LIMA,SAN_BORJA,150130,20240430
13,SAN_BORJA,20150101,170000,-77.0077,-12.1086,128,,8.1,,LIMA,LIMA,SAN_BORJA,150130,20240430
14,SAN_BORJA,20150101,180000,-77.0077,-12.1086,128,,9,,LIMA,LIMA,SAN_BORJA,150130,20240430
15,SAN_BORJA,20150101,190000,-77.0077,-12.1086,128,,11,,LIMA,LIMA,SAN_BORJA,150130,20240430
16,SAN_BORJA,20150101,200000,-77.0077,-12.1086,128,,4.5,,LIMA,LIMA,SAN_BORJA,150130,20240430
17,SAN_BORJA,20150101,210000,-77.0077,-12.1086,128,,8.2,,LIMA,LIMA,SAN_BORJA,150130,20240430
18,SAN_BORJA,20150101,220000,-77.0077,-12.1086,128,,13.4,,LIMA,LIMA,SAN_BORJA,150130,20240430
19,SAN_BORJA,20150101,230000,-77.0077,-12.1086,128,,8.4,,LIMA,LIMA,SAN_BORJA,150130,20240430
20,SAN_BORJA,20150102,000000,-77.0077,-12.1086,128,,11.5,,LIMA,LIMA,SAN_BORJA,150130,20240430
21,SAN_BORJA,20150102,010000,-77.0077,-12.1086,128,,14.8,,LIMA,LIMA,SAN_BORJA,150130,20240430
22,SAN_BORJA,20150102,020000,-77.0077,-12.1086,128,,19.1,,LIMA,LIMA,SAN_BORJA,150130,20240430
23,SAN_BORJA,20150102,030000,-77.0077,-12.1086,128,,17.9,,LIMA,LIMA,SAN_BORJA,150130,20240430
24,SAN_BORJA,20150102,040000,-77.0077,-12.1086,128,,16.6,,LIMA,LIMA,SAN_BORJA,150130,20240430
25,SAN_BORJA,20150102,050000,-77.0077,-12.1086,128,,12.7,,LIMA,LIMA,SAN_BORJA,150130,20240430
26,SAN_BORJA,20150102,060000,-77.0077,-12.1086,128,,18.5,,LIMA,LIMA,SAN_BORJA,150130,20240430
27,SAN_BORJA,20150102,070000,-77.0077,-12.1086,128,,5.4,,LIMA,LIMA,SAN_BORJA,150130,20240430
28,SAN_BORJA,20150102,080000,-77.0077,-12.1086,128,,5.8,,LIMA,LIMA,SAN_BORJA,150130,20240430
29,SAN_BORJA,20150102,090000,-77.0077,-12.1086,128,,6.1,,LIMA,LIMA,SAN_BORJA,150130,20240430
30,SAN_BORJA,20150102,100000,-77.0077,-12.1086,128,,6.4,,LIMA,LIMA,SAN_BORJA,150130,20240430
31,SAN_BORJA,20150102,110000,-77.0077,-12.1086,128,,17.7,,LIMA,LIMA,SAN_BORJA,150130,20240430
32,SAN_BORJA,20150102,120000,-77.0077,-12.1086,128,,25.6,,LIMA,LIMA,SAN_BORJA,150130,20240430
33,SAN_BORJA,20150102,130000,-77.0077,-12.1086,128,,16.8,,LIMA,LIMA,SAN_BORJA,150130,20240430
34,SAN_BORJA,20150102,140000,-77.0077,-12.1086,128,,,,LIMA,LIMA,SAN_BORJA,150130,20240430
35,SAN_BORJA,20150102,150000,-77.0077,-12.1086,128,,11.1,,LIMA,LIMA,SAN_BORJA,150130,20240430
36,SAN_BORJA,20150102,160000,-77.0077,-12.1086,128,,13.6,,LIMA,LIMA,SAN_BORJA,150130,20240430
37,SAN_BORJA,20150102,170000,-77.0077,-12.1086,128,,8.5,,LIMA,LIMA,SAN_BORJA,150130,20240430
38,SAN_BORJA,20150102,180000,-77.0077,-12.1086,128,,13.7,,LIMA,LIMA,SAN_BORJA,150130,20240430
39,SAN_BORJA,20150102,190000,-77.0077,-12.1086,128,,9.4,,LIMA,LIMA,SAN_BORJA,150130,20240430
40,SAN_BORJA,20150102,200000,-77.0077,-12.1086,128,,4,,LIMA,LIMA,SAN_BORJA,150130,20240430
41,SAN_BORJA,20150102,210000,-77.0077,-12.1086,128,,8.3,,LIMA,LIMA,SAN_BORJA,150130,20240430
42,SAN_BORJA,20150102,220000,-77.0077,-12.1086,128,,8.1,,LIMA,LIMA,SAN_BORJA,150130,20240430
43,SAN_BORJA,20150102,230000,-77.0077,-12.1086,128,,8,,LIMA,LIMA,SAN_BORJA,150130,20240430
44,SAN_BORJA,20150103,000000,-77.0077,-12.1086,128,,13.6,,LIMA,LIMA,SAN_BORJA,150130,20240430
45,SAN_BORJA,20150103,010000,-77.0077,-12.1086,128,,11.6,,LIMA,LIMA,SAN_BORJA,150130,20240430
46,SAN_BORJA,20150103,020000,-77.0077,-12.1086,128,,20,,LIMA,LIMA,SAN_BORJA,150130,20240430
47,SAN_BORJA,20150103,030000,-77.0077,-12.1086,128,,13.8,,LIMA,LIMA,SAN_BORJA,150130,20240430
48,SAN_BORJA,20150103,040000,-77.0077,-12.1086,128,,15.2,,LIMA,LIMA,SAN_BORJA,150130,20240430
49,SAN_BORJA,20150103,050000,-77.0077,-12.1086,128,,5.1,,LIMA,LIMA,SAN_BORJA,150130,20240430
50,SAN_BORJA,20150103,060000,-77.0077,-12.1086,128,,8.9,,LIMA,LIMA,SAN_BORJA,150130,20240430
51,SAN_BORJA,20150103,070000,-77.0077,-12.1086,128,,15.3,,LIMA,LIMA,SAN_BORJA,150130,20240430
52,SAN_BORJA,20150103,080000,-77.0077,-12.1086,128,,4.2,,LIMA,LIMA,SAN_BORJA,150130,20240430
53,SAN_BORJA,20150103,090000,-77.0077,-12.1086,128,,14.4,,LIMA,LIMA,SAN_BORJA,150130,20240430
54,SAN_BORJA,20150103,100000,-77.0077,-12.1086,128,,17.4,,LIMA,LIMA,SAN_BORJA,150130,20240430
55,SAN_BORJA,20150103,110000,-77.0077,-12.1086,128,,8.3,,LIMA,LIMA,SAN_BORJA,150130,20240430
56,SAN_BORJA,20150103,120000,-77.0077,-12.1086,128,,13.6,,LIMA,LIMA,SAN_BORJA,150130,20240430
57,SAN_BORJA,20150103,130000,-77.0077,-12.1086,128,,14.1,,LIMA,LIMA,SAN_BORJA,150130,20240430
58,SAN_BORJA,20150103,140000,-77.0077,-12.1086,128,,7.4,,LIMA,LIMA,SAN_BORJA,150130,20240430
59,SAN_BORJA,20150103,150000,-77.0077,-12.1086,128,,12.6,,LIMA,LIMA,SAN_BORJA,150130,20240430
60,SAN_BORJA,20150103,160000,-77.0077,-12.1086,128,,33.2,,LIMA,LIMA,SAN_BORJA,150130,20240430
61,SAN_BORJA,20150103,170000,-77.0077,-12.1086,128,,16.2,,LIMA,LIMA,SAN_BORJA,150130,20240430
62,SAN_BORJA,20150103,180000,-77.0077,-12.1086,128,,13.3,,LIMA,LIMA,SAN_BORJA,150130,20240430
63,SAN_BORJA,20150103,190000,-77.0077,-12.1086,128,,8.3,,LIMA,LIMA,SAN_BORJA,150130,20240430
64,SAN_BORJA,20150103,200000,-77.0077,-12.1086,128,,7.4,,LIMA,LIMA,SAN_BORJA,150130,20240430
65,SAN_BORJA,20150103,210000,-77.0077,-12.1086,128,,9.5,,LIMA,LIMA,SAN_BORJA,150130,20240430
66,SAN_BORJA,20150103,220000,-77.0077,-12.1086,128,,9.2,,LIMA,LIMA,SAN_BORJA,150130,20240430
67,SAN_BORJA,20150103,230000,-77.0077,-12.1086,128,,11.2,,LIMA,LIMA,SAN_BORJA,150130,20240430
68,SAN_BORJA,20150104,000000,-77.0077,-12.1086,128,,12.1,,LIMA,LIMA,SAN_BORJA,150130,20240430
69,SAN_BORJA,20150104,010000,-77.0077,-12.1086,128,,12.2,,LIMA,LIMA,SAN_BORJA,150130,20240430
70,SAN_BORJA,20150104,020000,-77.0077,-12.1086,128,,16.2,,LIMA,LIMA,SAN_BORJA,150130,20240430
71,SAN_BORJA,20150104,030000,-77.0077,-12.1086,128,,18.2,,LIMA,LIMA,SAN_BORJA,150130,20240430
72,SAN_BORJA,20150104,040000,-77.0077,-12.1086,128,,17.7,,LIMA,LIMA,SAN_BORJA,150130,20240430
73,SAN_BORJA,20150104,050000,-77.0077,-12.1086,128,,18.3,,LIMA,LIMA,SAN_BORJA,150130,20240430
74,SAN_BORJA,20150104,060000,-77.0077,-12.1086,128,,16,,LIMA,LIMA,SAN_BORJA,150130,20240430
75,SAN_BORJA,20150104,070000,-77.0077,-12.1086,128,,16.6,,LIMA,LIMA,SAN_BORJA,150130,20240430
76,SAN_BORJA,20150104,080000,-77.0077,-12.1086,128,,21,,LIMA,LIMA,SAN_BORJA,150130,20240430
77,SAN_BORJA,20150104,090000,-77.0077,-12.1086,128,,17.1,,LIMA,LIMA,SAN_BORJA,150130,20240430
78,SAN_BORJA,20150104,100000,-77.0077,-12.1086,128,,17.8,,LIMA,LIMA,SAN_BORJA,150130,20240430
79,SAN_BORJA,20150104,110000,-77.0077,-12.1086,128,,11.8,,LIMA,LIMA,SAN_BORJA,150130,20240430
80,SAN_BORJA,20150104,120000,-77.0077,-12.1086,128,,7.6,,LIMA,LIMA,SAN_BORJA,150130,20240430
81,SAN_BORJA,20150104,130000,-77.0077,-12.1086,128,,11.5,,LIMA,LIMA,SAN_BORJA,150130,20240430
82,SAN_BORJA,20150104,140000,-77.0077,-12.1086,128,,24.1,,LIMA,LIMA,SAN_BORJA,150130,20240430
83,SAN_BORJA,20150104,150000,-77.0077,-12.1086,128,,23.7,,LIMA,LIMA,SAN_BORJA,150130,20240430
84,SAN_BORJA,20150104,160000,-77.0077,-12.1086,128,,10,,LIMA,LIMA,SAN_BORJA,150130,20240430
85,SAN_BORJA,20150104,170000,-77.0077,-12.1086,128,,11.2,,LIMA,LIMA,SAN_BORJA,150130,20240430
86,SAN_BORJA,20150104,180000,-77.0077,-12.1086,128,,5.9,,LIMA,LIMA,SAN_BORJA,150130,20240430
87,SAN_BORJA,20150104,190000,-77.0077,-12.1086,128,,12.7,,LIMA,LIMA,SAN_BORJA,150130,20240430
88,SAN_BORJA,20150104,200000,-77.0077,-12.1086,128,,13.7,,LIMA,LIMA,SAN_BORJA,150130,20240430
89,SAN_BORJA,20150104,210000,-77.0077,-12.1086,128,,10.5,,LIMA,LIMA,SAN_BORJA,150130,20240430
90,SAN_BORJA,20150104,220000,-77.0077,-12.1086,128,,8,,LIMA,LIMA,SAN_BORJA,150130,20240430
91,SAN_BORJA,20150104,230000,-77.0077,-12.1086,128,,11,,LIMA,LIMA,SAN_BORJA,150130,20240430
92,SAN_BORJA,20150105,000000,-77.0077,-12.1086,128,,7.3,,LIMA,LIMA,SAN_BORJA,150130,20240430
93,SAN_BORJA,20150105,010000,-77.0077,-12.1086,128,,13.4,,LIMA,LIMA,SAN_BORJA,150130,20240430
94,SAN_BORJA,20150105,020000,-77.0077,-12.1086,128,,12.7,,LIMA,LIMA,SAN_BORJA,150130,20240430
95,SAN_BORJA,20150105,030000,-77.0077,-12.1086,128,,12.6,,LIMA,LIMA,SAN_BORJA,150130,20240430
96,SAN_BORJA,20150105,040000,-77.0077,-12.1086,128,,12.6,,LIMA,LIMA,SAN_BORJA,150130,20240430
97,SAN_BORJA,20150105,050000,-77.0077,-12.1086,128,,13.3,,LIMA,LIMA,SAN_BORJA,150130,20240430
98,SAN_BORJA,20150105,060000,-77.0077,-12.1086,128,,7,,LIMA,LIMA,SAN_BORJA,150130,20240430
99,SAN_BORJA,20150105,070000,-77.0077,-12.1086,128,,6.3,,LIMA,LIMA,SAN_BORJA,150130,20240430
100,SAN_BORJA,20150105,080000,-77.0077,-12.1086,128,,3.3,,LIMA,LIMA,SAN_BORJA,150130,20240430
101,SAN_BORJA,20150105,090000,-77.0077,-12.1086,128,,7.7,,LIMA,LIMA,SAN_BORJA,150130,20240430
102,SAN_BORJA,20150105,100000,-77.0077,-12.1086,128,,9,,LIMA,LIMA,SAN_BORJA,150130,20240430
103,SAN_BORJA,20150105,110000,-77.0077,-12.1086,128,,12,,LIMA,LIMA,SAN_BORJA,150130,20240430
104,SAN_BORJA,20150105,120000,-77.0077,-12.1086,128,,8,,LIMA,LIMA,SAN_BORJA,150130,20240430
105,SAN_BORJA,20150105,130000,-77.0077,-12.1086,128,,16.7,,LIMA,LIMA,SAN_BORJA,150130,20240430
106,SAN_BORJA,20150105,140000,-77.0077,-12.1086,128,,24,,LIMA,LIMA,SAN_BORJA,150130,20240430
107,SAN_BORJA,20150105,150000,-77.0077,-12.1086,128,,27.5,,LIMA,LIMA,SAN_BORJA,150130,20240430
108,SAN_BORJA,20150105,160000,-77.0077,-12.1086,128,,16.3,,LIMA,LIMA,SAN_BORJA,150130,20240430
109,SAN_BORJA,20150105,170000,-77.0077,-12.1086,128,,12.2,,LIMA,LIMA,SAN_BORJA,150130,20240430
110,SAN_BORJA,20150105,180000,-77.0077,-12.1086,128,,13.2,,LIMA,LIMA,SAN_BORJA,150130,20240430
111,SAN_BORJA,20150105,190000,-77.0077,-12.1086,128,,9.1,,LIMA,LIMA,SAN_BORJA,150130,20240430
112,SAN_BORJA,20150105,200000,-77.0077,-12.1086,128,,11.1,,LIMA,LIMA,SAN_BORJA,150130,20240430
113,SAN_BORJA,20150105,210000,-77.0077,-12.1086,128,,10.3,,LIMA,LIMA,SAN_BORJA,150130,20240430
114,SAN_BORJA,20150105,220000,-77.0077,-12.1086,128,,,,LIMA,LIMA,SAN_BORJA,150130,20240430
115,SAN_BORJA,20150105,230000,-77.0077,-12.1086,128,,8,,LIMA,LIMA,SAN_BORJA,150130,20240430
116,SAN_BORJA,20150106,000000,-77.0077,-12.1086,128,,22.1,,LIMA,LIMA,SAN_BORJA,150130,20240430
117,SAN_BORJA,20150106,010000,-77.0077,-12.1086,128,,27.7,,LIMA,LIMA,SAN_BORJA,150130,20240430
118,SAN_BORJA,20150106,020000,-77.0077,-12.1086,128,,29,,LIMA,LIMA,SAN_BORJA,150130,20240430
119,SAN_BORJA,20150106,030000,-77.0077,-12.1086,128,,18.7,,LIMA,LIMA,SAN_BORJA,150130,20240430
120,SAN_BORJA,20150106,040000,-77.0077,-12.1086,128,,12.5,,LIMA,LIMA,SAN_BORJA,150130,20240430
121,SAN_BORJA,20150106,050000,-77.0077,-12.1086,128,,9.7,,LIMA,LIMA,SAN_BORJA,150130,20240430
122,SAN_BORJA,20150106,060000,-77.0077,-12.1086,128,,9.2,,LIMA,LIMA,SAN_BORJA,150130,20240430
123,SAN_BORJA,20150106,070000,-77.0077,-12.1086,128,,14.4,,LIMA,LIMA,SAN_BORJA,150130,20240430
124,SAN_BORJA,20150106,080000,-77.0077,-12.1086,128,,15.8,,LIMA,LIMA,SAN_BORJA,150130,20240430
125,SAN_BORJA,20150106,090000,-77.0077,-12.1086,128,,15.9,,LIMA,LIMA,SAN_BORJA,150130,20240430
126,SAN_BORJA,20150106,100000,-77.0077,-12.1086,128,,11.3,,LIMA,LIMA,SAN_BORJA,150130,20240430
127,SAN_BORJA,20150106,110000,-77.0077,-12.1086,128,,13.6,,LIMA,LIMA,SAN_BORJA,150130,20240430
128,SAN_BORJA,20150106,120000,-77.0077,-12.1086,128,,16.2,,LIMA,LIMA,SAN_BORJA,150130,20240430
129,SAN_BORJA,20150106,130000,-77.0077,-12.1086,128,,14.7,,LIMA,LIMA,SAN_BORJA,150130,20240430
130,SAN_BORJA,20150106,140000,-77.0077,-12.1086,128,,19.7,,LIMA,LIMA,SAN_BORJA,150130,20240430
131,SAN_BORJA,20150106,150000,-77.0077,-12.1086,128,,19.7,,LIMA,LIMA,SAN_BORJA,150130,20240430
132,SAN_BORJA,20150106,160000,-77.0077,-12.1086,128,,24.3,,LIMA,LIMA,SAN_BORJA,150130,20240430
133,SAN_BORJA,20150106,170000,-77.0077,-12.1086,128,,22,,LIMA,LIMA,SAN_BORJA,150130,20240430
134,SAN_BORJA,20150106,180000,-77.0077,-12.1086,128,,22.4,,LIMA,LIMA,SAN_BORJA,150130,20240430
135,SAN_BORJA,20150106,190000,-77.0077,-12.1086,128,,19.4,,LIMA,LIMA,SAN_BORJA,150130,20240430
136,SAN_BORJA,20150106,200000,-77.0077,-12.1086,128,,14.1,,LIMA,LIMA,SAN_BORJA,150130,20240430
137,SAN_BORJA,20150106,210000,-77.0077,-12.1086,128,,9.2,,LIMA,LIMA,SAN_BORJA,150130,20240430
138,SAN_BORJA,20150106,220000,-77.0077,-12.1086,128,,24.9,,LIMA,LIMA,SAN_BORJA,150130,20240430
139,SAN_BORJA,20150106,230000,-77.0077,-12.1086,128,,15.4,,LIMA,LIMA,SAN_BORJA,150130,20240430
140,SAN_BORJA,20150107,000000,-77.0077,-12.1086,128,,29.3,,LIMA,LIMA,SAN_BORJA,150130,20240430
141,SAN_BORJA,20150107,010000,-77.0077,-12.1086,128,,18.5,,LIMA,LIMA,SAN_BORJA,150130,20240430
142,SAN_BORJA,20150107,020000,-77.0077,-12.1086,128,,15.4,,LIMA,LIMA,SAN_BORJA,150130,20240430
143,SAN_BORJA,20150107,030000,-77.0077,-12.1086,128,,14.7,,LIMA,LIMA,SAN_BORJA,150130,20240430
144,SAN_BORJA,20150107,040000,-77.0077,-12.1086,128,,8.7,,LIMA,LIMA,SAN_BORJA,150130,20240430
145,SAN_BORJA,20150107,050000,-77.0077,-12.1086,128,,7.3,,LIMA,LIMA,SAN_BORJA,150130,20240430
146,SAN_BORJA,20150107,060000,-77.0077,-12.1086,128,,5.9,,LIMA,LIMA,SAN_BORJA,150130,20240430
147,SAN_BORJA,20150107,070000,-77.0077,-12.1086,128,,11.1,,LIMA,LIMA,SAN_BORJA,150130,20240430
148,SAN_BORJA,20150107,080000,-77.0077,-12.1086,128,,8.7,,LIMA,LIMA,SAN_BORJA,150130,20240430
149,SAN_BORJA,20150107,090000,-77.0077,-12.1086,128,,9.9,,LIMA,LIMA,SAN_BORJA,150130,20240430
150,SAN_BORJA,20150107,100000,-77.0077,-12.1086,128,,10.6,,LIMA,LIMA,SAN_BORJA,150130,20240430
151,SAN_BORJA,20150107,110000,-77.0077,-12.1086,128,,9.7,,LIMA,LIMA,SAN_BORJA,150130,20240430
152,SAN_BORJA,20150107,120000,-77.0077,-12.1086,128,,8.1,,LIMA,LIMA,SAN_BORJA,150130,20240430
153,SAN_BORJA,20150107,130000,-77.0077,-12.1086,128,,13.6,,LIMA,LIMA,SAN_BORJA,150130,20240430
154,SAN_BORJA,20150107,140000,-77.0077,-12.1086,128,,8.5,,LIMA,LIMA,SAN_BORJA,150130,20240430
155,SAN_BORJA,20150107,150000,-77.0077,-12.1086,128,,17.8,,LIMA,LIMA,SAN_BORJA,150130,20240430
156,SAN_BORJA,20150107,160000,-77.0077,-12.1086,128,,21.2,,LIMA,LIMA,SAN_BORJA,150130,20240430
157,SAN_BORJA,20150107,170000,-77.0077,-12.1086,128,,9,,LIMA,LIMA,SAN_BORJA,150130,20240430
158,SAN_BORJA,20150107,180000,-77.0077,-12.1086,128,,10,,LIMA,LIMA,SAN_BORJA,150130,20240430
159,SAN_BORJA,20150107,190000,-77.0077,-12.1086,128,,10.5,,LIMA,LIMA,SAN_BORJA,150130,20240430
160,SAN_BORJA,20150107,200000,-77.0077,-12.1086,128,,12.3,,LIMA,LIMA,SAN_BORJA,150130,20240430
161,SAN_BORJA,20150107,210000,-77.0077,-12.1086,128,,9.4,,LIMA,LIMA,SAN_BORJA,150130,20240430
162,SAN_BORJA,20150107,220000,-77.0077,-12.1086,128,,22,,LIMA,LIMA,SAN_BORJA,150130,20240430
163,SAN_BORJA,20150107,230000,-77.0077,-12.1086,128,,19.2,,LIMA,LIMA,SAN_BORJA,150130,20240430
164,SAN_BORJA,20150108,000000,-77.0077,-12.1086,128,,5.1,,LIMA,LIMA,SAN_BORJA,150130,20240430
165,SAN_BORJA,20150108,010000,-77.0077,-12.1086,128,,15.7,,LIMA,LIMA,SAN_BORJA,150130,20240430
166,SAN_BORJA,20150108,020000,-77.0077,-12.1086,128,,19,,LIMA,LIMA,SAN_BORJA,150130,20240430
167,SAN_BORJA,20150108,030000,-77.0077,-12.1086,128,,18.3,,LIMA,LIMA,SAN_BORJA,150130,20240430
168,SAN_BORJA,20150108,040000,-77.0077,-12.1086,128,,14.9,,LIMA,LIMA,SAN_BORJA,150130,20240430
169,SAN_BORJA,20150108,050000,-77.0077,-12.1086,128,,15.1,,LIMA,LIMA,SAN_BORJA,150130,20240430
170,SAN_BORJA,20150108,060000,-77.0077,-12.1086,128,,16.6,,LIMA,LIMA,SAN_BORJA,150130,20240430
171,SAN_BORJA,20150108,070000,-77.0077,-12.1086,128,,16.7,,LIMA,LIMA,SAN_BORJA,150130,20240430
172,SAN_BORJA,20150108,080000,-77.0077,-12.1086,128,,10.3,,LIMA,LIMA,SAN_BORJA,150130,20240430
173,SAN_BORJA,20150108,090000,-77.0077,-12.1086,128,,14.1,,LIMA,LIMA,SAN_BORJA,150130,20240430
174,SAN_BORJA,20150108,100000,-77.0077,-12.1086,128,,10.3,,LIMA,LIMA,SAN_BORJA,150130,20240430
175,SAN_BORJA,20150108,110000,-77.0077,-12.1086,128,,7.2,,LIMA,LIMA,SAN_BORJA,150130,20240430
176,SAN_BORJA,20150108,120000,-77.0077,-12.1086,128,,7.7,,LIMA,LIMA,SAN_BORJA,150130,20240430
177,SAN_BORJA,20150108,130000,-77.0077,-12.1086,128,,10.5,,LIMA,LIMA,SAN_BORJA,150130,20240430
178,SAN_BORJA,20150108,140000,-77.0077,-12.1086,128,,15.1,,LIMA,LIMA,SAN_BORJA,150130,20240430
179,SAN_BORJA,20150108,150000,-77.0077,-12.1086,128,,22.7,,LIMA,LIMA,SAN_BORJA,150130,20240430
180,SAN_BORJA,20150108,160000,-77.0077,-12.1086,128,,15.9,,LIMA,LIMA,SAN_BORJA,150130,20240430
181,SAN_BORJA,20150108,170000,-77.0077,-12.1086,128,,14.5,,LIMA,LIMA,SAN_BORJA,150130,20240430
182,SAN_BORJA,20150108,180000,-77.0077,-12.1086,128,,10.4,,LIMA,LIMA,SAN_BORJA,150130,20240430
183,SAN_BORJA,20150108,190000,-77.0077,-12.1086,128,,8.7,,LIMA,LIMA,SAN_BORJA,150130,20240430
184,SAN_BORJA,20150108,200000,-77.0077,-12.1086,128,,10.1,,LIMA,LIMA,SAN_BORJA,150130,20240430
185,SAN_BORJA,20150108,210000,-77.0077,-12.1086,128,,9.2,,LIMA,LIMA,SAN_BORJA,150130,20240430
186,SAN_BORJA,20150108,220000,-77.0077,-12.1086,128,,17.5,,LIMA,LIMA,SAN_BORJA,150130,20240430
187,SAN_BORJA,20150108,230000,-77.0077,-12.1086,128,,19.6,,LIMA,LIMA,SAN_BORJA,150130,20240430
188,SAN_BORJA,20150109,000000,-77.0077,-12.1086,128,,23.9,,LIMA,LIMA,SAN_BORJA,150130,20240430
189,SAN_BORJA,20150109,010000,-77.0077,-12.1086,128,,16.3,,LIMA,LIMA,SAN_BORJA,150130,20240430
190,SAN_BORJA,20150109,020000,-77.0077,-12.1086,128,,18.1,,LIMA,LIMA,SAN_BORJA,150130,20240430
191,SAN_BORJA,20150109,030000,-77.0077,-12.1086,128,,12.4,,LIMA,LIMA,SAN_BORJA,150130,20240430
192,SAN_BORJA,20150109,040000,-77.0077,-12.1086,128,,12.1,,LIMA,LIMA,SAN_BORJA,150130,20240430
193,SAN_BORJA,20150109,050000,-77.0077,-12.1086,128,,5.7,,LIMA,LIMA,SAN_BORJA,150130,20240430
194,SAN_BORJA,20150109,060000,-77.0077,-12.1086,128,,5.6,,LIMA,LIMA,SAN_BORJA,150130,20240430
195,SAN_BORJA,20150109,070000,-77.0077,-12.1086,128,,5.5,,LIMA,LIMA,SAN_BORJA,150130,20240430
196,SAN_BORJA,20150109,080000,-77.0077,-12.1086,128,,13.7,,LIMA,LIMA,SAN_BORJA,150130,20240430
197,SAN_BORJA,20150109,090000,-77.0077,-12.1086,128,,19.3,,LIMA,LIMA,SAN_BORJA,150130,20240430
198,SAN_BORJA,20150109,100000,-77.0077,-12.1086,128,,11.5,,LIMA,LIMA,SAN_BORJA,150130,20240430
199,SAN_BORJA,20150109,110000,-77.0077,-12.1086,128,,8.8,,LIMA,LIMA,SAN_BORJA,150130,20240430
200,SAN_BORJA,20150109,120000,-77.0077,-12.1086,128,,12.8,,LIMA,LIMA,SAN_BORJA,150130,20240430
201,SAN_BORJA,20150109,130000,-77.0077,-12.1086,128,,11.2,,LIMA,LIMA,SAN_BORJA,150130,20240430
202,SAN_BORJA,20150109,140000,-77.0077,-12.1086,128,,19.7,,LIMA,LIMA,SAN_BORJA,150130,20240430
203,SAN_BORJA,20150109,150000,-77.0077,-12.1086,128,,28.8,,LIMA,LIMA,SAN_BORJA,150130,20240430
204,SAN_BORJA,20150109,160000,-77.0077,-12.1086,128,,17.3,,LIMA,LIMA,SAN_BORJA,150130,20240430
205,SAN_BORJA,20150109,170000,-77.0077,-12.1086,128,,17,,LIMA,LIMA,SAN_BORJA,150130,20240430
206,SAN_BORJA,20150109,180000,-77.0077,-12.1086,128,,13,,LIMA,LIMA,SAN_BORJA,150130,20240430
207,SAN_BORJA,20150109,190000,-77.0077,-12.1086,128,,10.8,,LIMA,LIMA,SAN_BORJA,150130,20240430
208,SAN_BORJA,20150109,200000,-77.0077,-12.1086,128,,9,,LIMA,LIMA,SAN_BORJA,150130,20240430
209,SAN_BORJA,20150109,210000,-77.0077,-12.1086,128,,9.7,,LIMA,LIMA,SAN_BORJA,150130,20240430
210,SAN_BORJA,20150109,220000,-77.0077,-12.1086,128,,7.3,,LIMA,LIMA,SAN_BORJA,150130,20240430
211,SAN_BORJA,20150109,230000,-77.0077,-12.1086,128,,7.8,,LIMA,LIMA,SAN_BORJA,150130,20240430
212,SAN_BORJA,20150110,000000,-77.0077,-12.1086,128,,11.6,,LIMA,LIMA,SAN_BORJA,150130,20240430
213,SAN_BORJA,20150110,010000,-77.0077,-12.1086,128,,14.4,,LIMA,LIMA,SAN_BORJA,150130,20240430
214,SAN_BORJA,20150110,020000,-77.0077,-12.1086,128,,16.5,,LIMA,LIMA,SAN_BORJA,150130,20240430
215,SAN_BORJA,20150110,030000,-77.0077,-12.1086,128,,13.9,,LIMA,LIMA,SAN_BORJA,150130,20240430
216,SAN_BORJA,20150110,040000,-77.0077,-12.1086,128,,12.1,,LIMA,LIMA,SAN_BORJA,150130,20240430
217,SAN_BORJA,20150110,050000,-77.0077,-12.1086,128,,17.3,,LIMA,LIMA,SAN_BORJA,150130,20240430
218,SAN_BORJA,20150110,060000,-77.0077,-12.1086,128,,20.7,,LIMA,LIMA,SAN_BORJA,150130,20240430
219,SAN_BORJA,20150110,070000,-77.0077,-12.1086,128,,12.2,,LIMA,LIMA,SAN_BORJA,150130,20240430
220,SAN_BORJA,20150110,080000,-77.0077,-12.1086,128,,7.2,,LIMA,LIMA,SAN_BORJA,150130,20240430
221,SAN_BORJA,20150110,090000,-77.0077,-12.1086,128,,13.4,,LIMA,LIMA,SAN_BORJA,150130,20240430
222,SAN_BORJA,20150110,100000,-77.0077,-12.1086,128,,15.2,,LIMA,LIMA,SAN_BORJA,150130,20240430
223,SAN_BORJA,20150110,110000,-77.0077,-12.1086,128,,13.3,,LIMA,LIMA,SAN_BORJA,150130,20240430
224,SAN_BORJA,20150110,120000,-77.0077,-12.1086,128,,12.8,,LIMA,LIMA,SAN_BORJA,150130,20240430
225,SAN_BORJA,20150110,130000,-77.0077,-12.1086,128,,13.5,,LIMA,LIMA,SAN_BORJA,150130,20240430
226,SAN_BORJA,20150110,140000,-77.0077,-12.1086,128,,11.1,,LIMA,LIMA,SAN_BORJA,150130,20240430
227,SAN_BORJA,20150110,150000,-77.0077,-12.1086,128,,15.7,,LIMA,LIMA,SAN_BORJA,150130,20240430
228,SAN_BORJA,20150110,160000,-77.0077,-12.1086,128,,14.3,,LIMA,LIMA,SAN_BORJA,150130,20240430
229,SAN_BORJA,20150110,170000,-77.0077,-12.1086,128,,5.3,,LIMA,LIMA,SAN_BORJA,150130,20240430
230,SAN_BORJA,20150110,180000,-77.0077,-12.1086,128,,16.5,,LIMA,LIMA,SAN_BORJA,150130,20240430
231,SAN_BORJA,20150110,190000,-77.0077,-12.1086,128,,11.7,,LIMA,LIMA,SAN_BORJA,150130,20240430
232,SAN_BORJA,20150110,200000,-77.0077,-12.1086,128,,13,,LIMA,LIMA,SAN_BORJA,150130,20240430
233,SAN_BORJA,20150110,210000,-77.0077,-12.1086,128,,7.2,,LIMA,LIMA,SAN_BORJA,150130,20240430
234,SAN_BORJA,20150110,220000,-77.0077,-12.1086,128,,8.3,,LIMA,LIMA,SAN_BORJA,150130,20240430
235,SAN_BORJA,20150110,230000,-77.0077,-12.1086,128,,10.7,,LIMA,LIMA,SAN_BORJA,150130,20240430
236,SAN_BORJA,20150111,000000,-77.0077,-12.1086,128,,13.2,,LIMA,LIMA,SAN_BORJA,150130,20240430
237,SAN_BORJA,20150111,010000,-77.0077,-12.1086,128,,17.1,,LIMA,LIMA,SAN_BORJA,150130,20240430
238,SAN_BORJA,20150111,020000,-77.0077,-12.1086,128,,12.8,,LIMA,LIMA,SAN_BORJA,150130,20240430
239,SAN_BORJA,20150111,030000,-77.0077,-12.1086,128,,11.9,,LIMA,LIMA,SAN_BORJA,150130,20240430
240,SAN_BORJA,20150111,040000,-77.0077,-12.1086,128,,8.9,,LIMA,LIMA,SAN_BORJA,150130,20240430
241,SAN_BORJA,20150111,050000,-77.0077,-12.1086,128,,9,,LIMA,LIMA,SAN_BORJA,150130,20240430
242,SAN_BORJA,20150111,060000,-77.0077,-12.1086,128,,10.3,,LIMA,LIMA,SAN_BORJA,150130,20240430
243,SAN_BORJA,20150111,070000,-77.0077,-12.1086,128,,11.2,,LIMA,LIMA,SAN_BORJA,150130,20240430
244,SAN_BORJA,20150111,080000,-77.0077,-12.1086,128,,13.7,,LIMA,LIMA,SAN_BORJA,150130,20240430
245,SAN_BORJA,20150111,090000,-77.0077,-12.1086,128,,13.4,,LIMA,LIMA,SAN_BORJA,150130,20240430
246,SAN_BORJA,20150111,100000,-77.0077,-12.1086,128,,8.6,,LIMA,LIMA,SAN_BORJA,150130,20240430
247,SAN_BORJA,20150111,110000,-77.0077,-12.1086,128,,10.7,,LIMA,LIMA,SAN_BORJA,150130,20240430
248,SAN_BORJA,20150111,120000,-77.0077,-12.1086,128,,16,,LIMA,LIMA,SAN_BORJA,150130,20240430
249,SAN_BORJA,20150111,130000,-77.0077,-12.1086,128,,11.7,,LIMA,LIMA,SAN_BORJA,150130,20240430
250,SAN_BORJA,20150111,140000,-77.0077,-12.1086,128,,10.1,,LIMA,LIMA,SAN_BORJA,150130,20240430
251,SAN_BORJA,20150111,150000,-77.0077,-12.1086,128,,10.4,,LIMA,LIMA,SAN_BORJA,150130,20240430
252,SAN_BORJA,20150111,160000,-77.0077,-12.1086,128,,18.7,,LIMA,LIMA,SAN_BORJA,150130,20240430
253,SAN_BORJA,20150111,170000,-77.0077,-12.1086,128,,15.1,,LIMA,LIMA,SAN_BORJA,150130,20240430
254,SAN_BORJA,20150111,180000,-77.0077,-12.1086,128,,11.1,,LIMA,LIMA,SAN_BORJA,150130,20240430
255,SAN_BORJA,20150111,190000,-77.0077,-12.1086,128,,16.8,,LIMA,LIMA,SAN_BORJA,150130,20240430
256,SAN_BORJA,20150111,200000,-77.0077,-12.1086,128,,11,,LIMA,LIMA,SAN_BORJA,150130,20240430
257,SAN_BORJA,20150111,210000,-77.0077,-12.1086,128,,12.6,,LIMA,LIMA,SAN_BORJA,150130,20240430
258,SAN_BORJA,20150111,220000,-77.0077,-12.1086,128,,13.8,,LIMA,LIMA,SAN_BORJA,150130,20240430
259,SAN_BORJA,20150111,230000,-77.0077,-12.1086,128,,24.4,,LIMA,LIMA,SAN_BORJA,150130,20240430
260,SAN_BORJA,20150112,000000,-77.0077,-12.1086,128,,16.9,,LIMA,LIMA,SAN_BORJA,150130,20240430
261,SAN_BORJA,20150112,010000,-77.0077,-12.1086,128,,9.3,,LIMA,LIMA,SAN_BORJA,150130,20240430
262,SAN_BORJA,20150112,020000,-77.0077,-12.1086,128,,19.8,,LIMA,LIMA,SAN_BORJA,150130,20240430
263,SAN_BORJA,20150112,030000,-77.0077,-12.1086,128,,20.4,,LIMA,LIMA,SAN_BORJA,150130,20240430
264,SAN_BORJA,20150112,040000,-77.0077,-12.1086,128,,6.8,,LIMA,LIMA,SAN_BORJA,150130,20240430
265,SAN_BORJA,20150112,050000,-77.0077,-12.1086,128,,10.3,,LIMA,LIMA,SAN_BORJA,150130,20240430
266,SAN_BORJA,20150112,060000,-77.0077,-12.1086,128,,11.7,,LIMA,LIMA,SAN_BORJA,150130,20240430
267,SAN_BORJA,20150112,070000,-77.0077,-12.1086,128,,13.4,,LIMA,LIMA,SAN_BORJA,150130,20240430
268,SAN_BORJA,20150112,080000,-77.0077,-12.1086,128,,8.3,,LIMA,LIMA,SAN_BORJA,150130,20240430
269,SAN_BORJA,20150112,090000,-77.0077,-12.1086,128,,9.7,,LIMA,LIMA,SAN_BORJA,150130,20240430
270,SAN_BORJA,20150112,100000,-77.0077,-12.1086,128,,4.6,,LIMA,LIMA,SAN_BORJA,150130,20240430
271,SAN_BORJA,20150112,110000,-77.0077,-12.1086,128,,12.9,,LIMA,LIMA,SAN_BORJA,150130,20240430
272,SAN_BORJA,20150112,120000,-77.0077,-12.1086,128,,11.8,,LIMA,LIMA,SAN_BORJA,150130,20240430
273,SAN_BORJA,20150112,130000,-77.0077,-12.1086,128,,16.5,,LIMA,LIMA,SAN_BORJA,150130,20240430
274,SAN_BORJA,20150112,140000,-77.0077,-12.1086,128,,17.3,,LIMA,LIMA,SAN_BORJA,150130,20240430
275,SAN_BORJA,20150112,150000,-77.0077,-12.1086,128,,17.8,,LIMA,LIMA,SAN_BORJA,150130,20240430
276,SAN_BORJA,20150112,160000,-77.0077,-12.1086,128,,12.9,,LIMA,LIMA,SAN_BORJA,150130,20240430
277,SAN_BORJA,20150112,170000,-77.0077,-12.1086,128,,8.1,,LIMA,LIMA,SAN_BORJA,150130,20240430
278,SAN_BORJA,20150112,180000,-77.0077,-12.1086,128,,11.2,,LIMA,LIMA,SAN_BORJA,150130,20240430
279,SAN_BORJA,20150112,190000,-77.0077,-12.1086,128,,11.8,,LIMA,LIMA,SAN_BORJA,150130,20240430
280,SAN_BORJA,20150112,200000,-77.0077,-12.1086,128,,13.6,,LIMA,LIMA,SAN_BORJA,150130,20240430
281,SAN_BORJA,20150112,210000,-77.0077,-12.1086,128,,12.1,,LIMA,LIMA,SAN_BORJA,150130,20240430
282,SAN_BORJA,20150112,220000,-77.0077,-12.1086,128,,19.9,,LIMA,LIMA,SAN_BORJA,150130,20240430
283,SAN_BORJA,20150112,230000,-77.0077,-12.1086,128,,14.5,,LIMA,LIMA,SAN_BORJA,150130,20240430
284,SAN_BORJA,20150113,000000,-77.0077,-12.1086,128,,17.9,,LIMA,LIMA,SAN_BORJA,150130,20240430
285,SAN_BORJA,20150113,010000,-77.0077,-12.1086,128,,14.4,,LIMA,LIMA,SAN_BORJA,150130,20240430
286,SAN_BORJA,20150113,020000,-77.0077,-12.1086,128,,9.7,,LIMA,LIMA,SAN_BORJA,150130,20240430
287,SAN_BORJA,20150113,030000,-77.0077,-12.1086,128,,16.3,,LIMA,LIMA,SAN_BORJA,150130,20240430
288,SAN_BORJA,20150113,040000,-77.0077,-12.1086,128,,11,,LIMA,LIMA,SAN_BORJA,150130,20240430
289,SAN_BORJA,20150113,050000,-77.0077,-12.1086,128,,9.8,,LIMA,LIMA,SAN_BORJA,150130,20240430
290,SAN_BORJA,20150113,060000,-77.0077,-12.1086,128,,15,,LIMA,LIMA,SAN_BORJA,150130,20240430
291,SAN_BORJA,20150113,070000,-77.0077,-12.1086,128,,15.5,,LIMA,LIMA,SAN_BORJA,150130,20240430
292,SAN_BORJA,20150113,080000,-77.0077,-12.1086,128,,,,LIMA,LIMA,SAN_BORJA,150130,20240430
293,SAN_BORJA,20150113,090000,-77.0077,-12.1086,128,,10.5,,LIMA,LIMA,SAN_BORJA,150130,20240430
294,SAN_BORJA,20150113,100000,-77.0077,-12.1086,128,,7.9,,LIMA,LIMA,SAN_BORJA,150130,20240430
295,SAN_BORJA,20150113,110000,-77.0077,-12.1086,128,,4.4,,LIMA,LIMA,SAN_BORJA,150130,20240430
296,SAN_BORJA,20150113,120000,-77.0077,-12.1086,128,,9.5,,LIMA,LIMA,SAN_BORJA,150130,20240430
297,SAN_BORJA,20150113,130000,-77.0077,-12.1086,128,,12.2,,LIMA,LIMA,SAN_BORJA,150130,20240430
298,SAN_BORJA,20150113,140000,-77.0077,-12.1086,128,,24.7,,LIMA,LIMA,SAN_BORJA,150130,20240430
299,SAN_BORJA,20150113,150000,-77.0077,-12.1086,128,,32,,LIMA,LIMA,SAN_BORJA,150130,20240430
300,SAN_BORJA,20150113,160000,-77.0077,-12.1086,128,,20.6,,LIMA,LIMA,SAN_BORJA,150130,20240430
301,SAN_BORJA,20150113,170000,-77.0077,-12.1086,128,,16.3,,LIMA,LIMA,SAN_BORJA,150130,20240430
302,SAN_BORJA,20150113,180000,-77.0077,-12.1086,128,,13.5,,LIMA,LIMA,SAN_BORJA,150130,20240430
303,SAN_BORJA,20150113,190000,-77.0077,-12.1086,128,,11.7,,LIMA,LIMA,SAN_BORJA,150130,20240430
304,SAN_BORJA,20150113,200000,-77.0077,-12.1086,128,,9.6,,LIMA,LIMA,SAN_BORJA,150130,20240430
305,SAN_BORJA,20150113,210000,-77.0077,-12.1086,128,,6.9,,LIMA,LIMA,SAN_BORJA,150130,20240430
306,SAN_BORJA,20150113,220000,-77.0077,-12.1086,128,,7.8,,LIMA,LIMA,SAN_BORJA,150130,20240430
307,SAN_BORJA,20150113,230000,-77.0077,-12.1086,128,,15.1,,LIMA,LIMA,SAN_BORJA,150130,20240430
308,SAN_BORJA,20150114,000000,-77.0077,-12.1086,128,,21,,LIMA,LIMA,SAN_BORJA,150130,20240430
309,SAN_BORJA,20150114,010000,-77.0077,-12.1086,128,,16.7,,LIMA,LIMA,SAN_BORJA,150130,20240430
310,SAN_BORJA,20150114,020000,-77.0077,-12.1086,128,,17.4,,LIMA,LIMA,SAN_BORJA,150130,20240430
311,SAN_BORJA,20150114,030000,-77.0077,-12.1086,128,,21.3,,LIMA,LIMA,SAN_BORJA,150130,20240430
312,SAN_BORJA,20150114,040000,-77.0077,-12.1086,128,,21.4,,LIMA,LIMA,SAN_BORJA,150130,20240430
313,SAN_BORJA,20150114,050000,-77.0077,-12.1086,128,,12.8,,LIMA,LIMA,SAN_BORJA,150130,20240430
314,SAN_BORJA,20150114,060000,-77.0077,-12.1086,128,,6.8,,LIMA,LIMA,SAN_BORJA,150130,20240430
315,SAN_BORJA,20150114,070000,-77.0077,-12.1086,128,,9.6,,LIMA,LIMA,SAN_BORJA,150130,20240430
316,SAN_BORJA,20150114,080000,-77.0077,-12.1086,128,,11.9,,LIMA,LIMA,SAN_BORJA,150130,20240430
317,SAN_BORJA,20150114,090000,-77.0077,-12.1086,128,,5.8,,LIMA,LIMA,SAN_BORJA,150130,20240430
318,SAN_BORJA,20150114,100000,-77.0077,-12.1086,128,,3,,LIMA,LIMA,SAN_BORJA,150130,20240430
319,SAN_BORJA,20150114,110000,-77.0077,-12.1086,128,,9.1,,LIMA,LIMA,SAN_BORJA,150130,20240430
320,SAN_BORJA,20150114,120000,-77.0077,-12.1086,128,,8.3,,LIMA,LIMA,SAN_BORJA,150130,20240430
321,SAN_BORJA,20150114,130000,-77.0077,-12.1086,128,,7,,LIMA,LIMA,SAN_BORJA,150130,20240430
322,SAN_BORJA,20150114,140000,-77.0077,-12.1086,128,,28.7,,LIMA,LIMA,SAN_BORJA,150130,20240430
323,SAN_BORJA,20150114,150000,-77.0077,-12.1086,128,,30.7,,LIMA,LIMA,SAN_BORJA,150130,20240430
324,SAN_BORJA,20150114,160000,-77.0077,-12.1086,128,,21.1,,LIMA,LIMA,SAN_BORJA,150130,20240430
325,SAN_BORJA,20150114,170000,-77.0077,-12.1086,128,,18.1,,LIMA,LIMA,SAN_BORJA,150130,20240430
326,SAN_BORJA,20150114,180000,-77.0077,-12.1086,128,,12.4,,LIMA,LIMA,SAN_BORJA,150130,20240430
327,SAN_BORJA,20150114,190000,-77.0077,-12.1086,128,,10.4,,LIMA,LIMA,SAN_BORJA,150130,20240430
328,SAN_BORJA,20150114,200000,-77.0077,-12.1086,128,,10.8,,LIMA,LIMA,SAN_BORJA,150130,20240430
329,SAN_BORJA,20150114,210000,-77.0077,-12.1086,128,,11.4,,LIMA,LIMA,SAN_BORJA,150130,20240430
330,SAN_BORJA,20150114,220000,-77.0077,-12.1086,128,,13.1,,LIMA,LIMA,SAN_BORJA,150130,20240430
331,SAN_BORJA,20150114,230000,-77.0077,-12.1086,128,,20.5,,LIMA,LIMA,SAN_BORJA,150130,20240430
332,SAN_BORJA,20150115,000000,-77.0077,-12.1086,128,,20.9,,LIMA,LIMA,SAN_BORJA,150130,20240430
333,SAN_BORJA,20150115,010000,-77.0077,-12.1086,128,,20.9,,LIMA,LIMA,SAN_BORJA,150130,20240430
334,SAN_BORJA,20150115,020000,-77.0077,-12.1086,128,,24.3,,LIMA,LIMA,SAN_BORJA,150130,20240430
335,SAN_BORJA,20150115,030000,-77.0077,-12.1086,128,,22.4,,LIMA,LIMA,SAN_BORJA,150130,20240430
336,SAN_BORJA,20150115,040000,-77.0077,-12.1086,128,,21.4,,LIMA,LIMA,SAN_BORJA,150130,20240430
337,SAN_BORJA,20150115,050000,-77.0077,-12.1086,128,,18.4,,LIMA,LIMA,SAN_BORJA,150130,20240430
338,SAN_BORJA,20150115,060000,-77.0077,-12.1086,128,,21.5,,LIMA,LIMA,SAN_BORJA,150130,20240430
339,SAN_BORJA,20150115,070000,-77.0077,-12.1086,128,,18.1,,LIMA,LIMA,SAN_BORJA,150130,20240430
340,SAN_BORJA,20150115,080000,-77.0077,-12.1086,128,,17.3,,LIMA,LIMA,SAN_BORJA,150130,20240430
341,SAN_BORJA,20150115,090000,-77.0077,-12.1086,128,,17.9,,LIMA,LIMA,SAN_BORJA,150130,20240430
342,SAN_BORJA,20150115,100000,-77.0077,-12.1086,128,,11.6,,LIMA,LIMA,SAN_BORJA,150130,20240430
343,SAN_BORJA,20150115,110000,-77.0077,-12.1086,128,,12,,LIMA,LIMA,SAN_BORJA,150130,20240430
344,SAN_BORJA,20150115,120000,-77.0077,-12.1086,128,,12.9,,LIMA,LIMA,SAN_BORJA,150130,20240430
345,SAN_BORJA,20150115,130000,-77.0077,-12.1086,128,,20.9,,LIMA,LIMA,SAN_BORJA,150130,20240430
346,SAN_BORJA,20150115,140000,-77.0077,-12.1086,128,,21.9,,LIMA,LIMA,SAN_BORJA,150130,20240430
347,SAN_BORJA,20150115,150000,-77.0077,-12.1086,128,,20.8,,LIMA,LIMA,SAN_BORJA,150130,20240430
348,SAN_BORJA,20150115,160000,-77.0077,-12.1086,128,,18.3,,LIMA,LIMA,SAN_BORJA,150130,20240430
349,SAN_BORJA,20150115,170000,-77.0077,-12.1086,128,,16.2,,LIMA,LIMA,SAN_BORJA,150130,20240430
350,SAN_BORJA,20150115,180000,-77.0077,-12.1086,128,,17,,LIMA,LIMA,SAN_BORJA,150130,20240430
351,SAN_BORJA,20150115,190000,-77.0077,-12.1086,128,,12.6,,LIMA,LIMA,SAN_BORJA,150130,20240430
352,SAN_BORJA,20150115,200000,-77.0077,-12.1086,128,,8.9,,LIMA,LIMA,SAN_BORJA,150130,20240430
353,SAN_BORJA,20150115,210000,-77.0077,-12.1086,128,,14.3,,LIMA,LIMA,SAN_BORJA,150130,20240430
354,SAN_BORJA,20150115,220000,-77.0077,-12.1086,128,,22,,LIMA,LIMA,SAN_BORJA,150130,20240430
355,SAN_BORJA,20150115,230000,-77.0077,-12.1086,128,,23.1,,LIMA,LIMA,SAN_BORJA,150130,20240430
356,SAN_BORJA,20150116,000000,-77.0077,-12.1086,128,,15.8,,LIMA,LIMA,SAN_BORJA,150130,20240430
357,SAN_BORJA,20150116,010000,-77.0077,-12.1086,128,,11.8,,LIMA,LIMA,SAN_BORJA,150130,20240430
358,SAN_BORJA,20150116,020000,-77.0077,-12.1086,128,,12.8,,LIMA,LIMA,SAN_BORJA,150130,20240430
359,SAN_BORJA,20150116,030000,-77.0077,-12.1086,128,,12.4,,LIMA,LIMA,SAN_BORJA,150130,20240430
360,SAN_BORJA,20150116,040000,-77.0077,-12.1086,128,,14,,LIMA,LIMA,SAN_BORJA,150130,20240430
361,SAN_BORJA,20150116,050000,-77.0077,-12.1086,128,,8.2,,LIMA,LIMA,SAN_BORJA,150130,20240430
362,SAN_BORJA,20150116,060000,-77.0077,-12.1086,128,,5.9,,LIMA,LIMA,SAN_BORJA,150130,20240430
363,SAN_BORJA,20150116,070000,-77.0077,-12.1086,128,,3.6,,LIMA,LIMA,SAN_BORJA,150130,20240430
364,SAN_BORJA,20150116,080000,-77.0077,-12.1086,128,,5.9,,LIMA,LIMA,SAN_BORJA,150130,20240430
365,SAN_BORJA,20150116,090000,-77.0077,-12.1086,128,,11,,LIMA,LIMA,SAN_BORJA,150130,20240430
366,SAN_BORJA,20150116,100000,-77.0077,-12.1086,128,,7.4,,LIMA,LIMA,SAN_BORJA,150130,20240430
367,SAN_BORJA,20150116,110000,-77.0077,-12.1086,128,,7.6,,LIMA,LIMA,SAN_BORJA,150130,20240430
368,SAN_BORJA,20150116,120000,-77.0077,-12.1086,128,,14.6,,LIMA,LIMA,SAN_BORJA,150130,20240430
369,SAN_BORJA,20150116,130000,-77.0077,-12.1086,128,,10.8,,LIMA,LIMA,SAN_BORJA,150130,20240430
370,SAN_BORJA,20150116,140000,-77.0077,-12.1086,128,,12.9,,LIMA,LIMA,SAN_BORJA,150130,20240430
371,SAN_BORJA,20150116,150000,-77.0077,-12.1086,128,,6.2,,LIMA,LIMA,SAN_BORJA,150130,20240430
372,SAN_BORJA,20150116,160000,-77.0077,-12.1086,128,,7.7,,LIMA,LIMA,SAN_BORJA,150130,20240430
373,SAN_BORJA,20150116,170000,-77.0077,-12.1086,128,,14.4,,LIMA,LIMA,SAN_BORJA,150130,20240430
374,SAN_BORJA,20150116,180000,-77.0077,-12.1086,128,,12.8,,LIMA,LIMA,SAN_BORJA,150130,20240430
375,SAN_BORJA,20150116,190000,-77.0077,-12.1086,128,,11.4,,LIMA,LIMA,SAN_BORJA,150130,20240430
376,SAN_BORJA,20150116,200000,-77.0077,-12.1086,128,,8.6,,LIMA,LIMA,SAN_BORJA,150130,20240430
377,SAN_BORJA,20150116,210000,-77.0077,-12.1086,128,,12.5,,LIMA,LIMA,SAN_BORJA,150130,20240430
378,SAN_BORJA,20150116,220000,-77.0077,-12.1086,128,,9.2,,LIMA,LIMA,SAN_BORJA,150130,20240430
379,SAN_BORJA,20150116,230000,-77.0077,-12.1086,128,,10,,LIMA,LIMA,SAN_BORJA,150130,20240430
380,SAN_BORJA,20150117,000000,-77.0077,-12.1086,128,,18.5,,LIMA,LIMA,SAN_BORJA,150130,20240430
381,SAN_BORJA,20150117,010000,-77.0077,-12.1086,128,,15.3,,LIMA,LIMA,SAN_BORJA,150130,20240430
382,SAN_BORJA,20150117,020000,-77.0077,-12.1086,128,,12.5,,LIMA,LIMA,SAN_BORJA,150130,20240430
383,SAN_BORJA,20150117,030000,-77.0077,-12.1086,128,,10.2,,LIMA,LIMA,SAN_BORJA,150130,20240430
384,SAN_BORJA,20150117,040000,-77.0077,-12.1086,128,,7.3,,LIMA,LIMA,SAN_BORJA,150130,20240430
385,SAN_BORJA,20150117,050000,-77.0077,-12.1086,128,,9.4,,LIMA,LIMA,SAN_BORJA,150130,20240430
386,SAN_BORJA,20150117,060000,-77.0077,-12.1086,128,,15.8,,LIMA,LIMA,SAN_BORJA,150130,20240430
387,SAN_BORJA,20150117,070000,-77.0077,-12.1086,128,,13.1,,LIMA,LIMA,SAN_BORJA,150130,20240430
388,SAN_BORJA,20150117,080000,-77.0077,-12.1086,128,,10.4,,LIMA,LIMA,SAN_BORJA,150130,20240430
389,SAN_BORJA,20150117,090000,-77.0077,-12.1086,128,,15.1,,LIMA,LIMA,SAN_BORJA,150130,20240430
390,SAN_BORJA,20150117,100000,-77.0077,-12.1086,128,,17.6,,LIMA,LIMA,SAN_BORJA,150130,20240430
391,SAN_BORJA,20150117,110000,-77.0077,-12.1086,128,,22.3,,LIMA,LIMA,SAN_BORJA,150130,20240430
392,SAN_BORJA,20150117,120000,-77.0077,-12.1086,128,,19.8,,LIMA,LIMA,SAN_BORJA,150130,20240430
393,SAN_BORJA,20150117,130000,-77.0077,-12.1086,128,,8.7,,LIMA,LIMA,SAN_BORJA,150130,20240430
394,SAN_BORJA,20150117,140000,-77.0077,-12.1086,128,,19,,LIMA,LIMA,SAN_BORJA,150130,20240430
395,SAN_BORJA,20150117,150000,-77.0077,-12.1086,128,,19.4,,LIMA,LIMA,SAN_BORJA,150130,20240430
396,SAN_BORJA,20150117,160000,-77.0077,-12.1086,128,,18.3,,LIMA,LIMA,SAN_BORJA,150130,20240430
397,SAN_BORJA,20150117,170000,-77.0077,-12.1086,128,,12.9,,LIMA,LIMA,SAN_BORJA,150130,20240430
398,SAN_BORJA,20150117,180000,-77.0077,-12.1086,128,,16.5,,LIMA,LIMA,SAN_BORJA,150130,20240430
399,SAN_BORJA,20150117,190000,-77.0077,-12.1086,128,,11.6,,LIMA,LIMA,SAN_BORJA,150130,20240430
400,SAN_BORJA,20150117,200000,-77.0077,-12.1086,128,,8.5,,LIMA,LIMA,SAN_BORJA,150130,20240430
401,SAN_BORJA,20150117,210000,-77.0077,-12.1086,128,,13,,LIMA,LIMA,SAN_BORJA,150130,20240430
402,SAN_BORJA,20150117,220000,-77.0077,-12.1086,128,,16.3,,LIMA,LIMA,SAN_BORJA,150130,20240430
403,SAN_BORJA,20150117,230000,-77.0077,-12.1086,128,,15,,LIMA,LIMA,SAN_BORJA,150130,20240430
404,SAN_BORJA,20150118,000000,-77.0077,-12.1086,128,,16.4,,LIMA,LIMA,SAN_BORJA,150130,20240430
405,SAN_BORJA,20150118,010000,-77.0077,-12.1086,128,,15.2,,LIMA,LIMA,SAN_BORJA,150130,20240430
406,SAN_BORJA,20150118,020000,-77.0077,-12.1086,128,,13.1,,LIMA,LIMA,SAN_BORJA,150130,20240430
407,SAN_BORJA,20150118,030000,-77.0077,-12.1086,128,,13.2,,LIMA,LIMA,SAN_BORJA,150130,20240430
408,SAN_BORJA,20150118,040000,-77.0077,-12.1086,128,,16.5,,LIMA,LIMA,SAN_BORJA,150130,20240430
409,SAN_BORJA,20150118,050000,-77.0077,-12.1086,128,,9.3,,LIMA,LIMA,SAN_BORJA,150130,20240430
410,SAN_BORJA,20150118,060000,-77.0077,-12.1086,128,,7.1,,LIMA,LIMA,SAN_BORJA,150130,20240430
411,SAN_BORJA,20150118,070000,-77.0077,-12.1086,128,,7.2,,LIMA,LIMA,SAN_BORJA,150130,20240430
412,SAN_BORJA,20150118,080000,-77.0077,-12.1086,128,,7.2,,LIMA,LIMA,SAN_BORJA,150130,20240430
413,SAN_BORJA,20150118,090000,-77.0077,-12.1086,128,,7.3,,LIMA,LIMA,SAN_BORJA,150130,20240430
414,SAN_BORJA,20150118,100000,-77.0077,-12.1086,128,,,,LIMA,LIMA,SAN_BORJA,150130,20240430
415,SAN_BORJA,20150118,110000,-77.0077,-12.1086,128,,7.8,,LIMA,LIMA,SAN_BORJA,150130,20240430
416,SAN_BORJA,20150118,120000,-77.0077,-12.1086,128,,11.3,,LIMA,LIMA,SAN_BORJA,150130,20240430
417,SAN_BORJA,20150118,130000,-77.0077,-12.1086,128,,9.3,,LIMA,LIMA,SAN_BORJA,150130,20240430
418,SAN_BORJA,20150118,140000,-77.0077,-12.1086,128,,7.2,,LIMA,LIMA,SAN_BORJA,150130,20240430
419,SAN_BORJA,20150118,150000,-77.0077,-12.1086,128,,5.1,,LIMA,LIMA,SAN_BORJA,150130,20240430
420,SAN_BORJA,20150118,160000,-77.0077,-12.1086,128,,20.2,,LIMA,LIMA,SAN_BORJA,150130,20240430
421,SAN_BORJA,20150118,170000,-77.0077,-12.1086,128,,28.5,,LIMA,LIMA,SAN_BORJA,150130,20240430
422,SAN_BORJA,20150118,180000,-77.0077,-12.1086,128,,19.7,,LIMA,LIMA,SAN_BORJA,150130,20240430
423,SAN_BORJA,20150118,190000,-77.0077,-12.1086,128,,12.8,,LIMA,LIMA,SAN_BORJA,150130,20240430
424,SAN_BORJA,20150118,200000,-77.0077,-12.1086,128,,16.9,,LIMA,LIMA,SAN_BORJA,150130,20240430
425,SAN_BORJA,20150118,210000,-77.0077,-12.1086,128,,16,,LIMA,LIMA,SAN_BORJA,150130,20240430
426,SAN_BORJA,20150118,220000,-77.0077,-12.1086,128,,9.2,,LIMA,LIMA,SAN_BORJA,150130,20240430
427,SAN_BORJA,20150118,230000,-77.0077,-12.1086,128,,11.6,,LIMA,LIMA,SAN_BORJA,150130,20240430
428,SAN_BORJA,20150119,000000,-77.0077,-12.1086,128,,10.4,,LIMA,LIMA,SAN_BORJA,150130,20240430
429,SAN_BORJA,20150119,010000,-77.0077,-12.1086,128,,20,,LIMA,LIMA,SAN_BORJA,150130,20240430
430,SAN_BORJA,20150119,020000,-77.0077,-12.1086,128,,20.5,,LIMA,LIMA,SAN_BORJA,150130,20240430
431,SAN_BORJA,20150119,030000,-77.0077,-12.1086,128,,9,,LIMA,LIMA,SAN_BORJA,150130,20240430
432,SAN_BORJA,20150119,040000,-77.0077,-12.1086,128,,7.7,,LIMA,LIMA,SAN_BORJA,150130,20240430
433,SAN_BORJA,20150119,050000,-77.0077,-12.1086,128,,6.1,,LIMA,LIMA,SAN_BORJA,150130,20240430
434,SAN_BORJA,20150119,060000,-77.0077,-12.1086,128,,10.7,,LIMA,LIMA,SAN_BORJA,150130,20240430
435,SAN_BORJA,20150119,070000,-77.0077,-12.1086,128,,11.8,,LIMA,LIMA,SAN_BORJA,150130,20240430
436,SAN_BORJA,20150119,080000,-77.0077,-12.1086,128,,,,LIMA,LIMA,SAN_BORJA,150130,20240430
437,SAN_BORJA,20150119,090000,-77.0077,-12.1086,128,,9.3,,LIMA,LIMA,SAN_BORJA,150130,20240430
438,SAN_BORJA,20150119,100000,-77.0077,-12.1086,128,,9.4,,LIMA,LIMA,SAN_BORJA,150130,20240430
439,SAN_BORJA,20150119,110000,-77.0077,-12.1086,128,,6.4,,LIMA,LIMA,SAN_BORJA,150130,20240430
440,SAN_BORJA,20150119,120000,-77.0077,-12.1086,128,,7.5,,LIMA,LIMA,SAN_BORJA,150130,20240430
441,SAN_BORJA,20150119,130000,-77.0077,-12.1086,128,,12.4,,LIMA,LIMA,SAN_BORJA,150130,20240430
442,SAN_BORJA,20150119,140000,-77.0077,-12.1086,128,,5.5,,LIMA,LIMA,SAN_BORJA,150130,20240430
443,SAN_BORJA,20150119,150000,-77.0077,-12.1086,128,,15.4,,LIMA,LIMA,SAN_BORJA,150130,20240430
444,SAN_BORJA,20150119,160000,-77.0077,-12.1086,128,,19.2,,LIMA,LIMA,SAN_BORJA,150130,20240430
445,SAN_BORJA,20150119,170000,-77.0077,-12.1086,128,,19.3,,LIMA,LIMA,SAN_BORJA,150130,20240430
446,SAN_BORJA,20150119,180000,-77.0077,-12.1086,128,,12.9,,LIMA,LIMA,SAN_BORJA,150130,20240430
447,SAN_BORJA,20150119,190000,-77.0077,-12.1086,128,,9.6,,LIMA,LIMA,SAN_BORJA,150130,20240430
448,SAN_BORJA,20150119,200000,-77.0077,-12.1086,128,,7.4,,LIMA,LIMA,SAN_BORJA,150130,20240430
449,SAN_BORJA,20150119,210000,-77.0077,-12.1086,128,,12.5,,LIMA,LIMA,SAN_BORJA,150130,20240430
450,SAN_BORJA,20150119,220000,-77.0077,-12.1086,128,,11.7,,LIMA,LIMA,SAN_BORJA,150130,20240430
451,SAN_BORJA,20150119,230000,-77.0077,-12.1086,128,,17.7,,LIMA,LIMA,SAN_BORJA,150130,20240430
452,SAN_BORJA,20150120,000000,-77.0077,-12.1086,128,,17.2,,LIMA,LIMA,SAN_BORJA,150130,20240430
453,SAN_BORJA,20150120,010000,-77.0077,-12.1086,128,,18.4,,LIMA,LIMA,SAN_BORJA,150130,20240430
454,SAN_BORJA,20150120,020000,-77.0077,-12.1086,128,,22.6,,LIMA,LIMA,SAN_BORJA,150130,20240430
455,SAN_BORJA,20150120,030000,-77.0077,-12.1086,128,,15.8,,LIMA,LIMA,SAN_BORJA,150130,20240430
456,SAN_BORJA,20150120,040000,-77.0077,-12.1086,128,,8.1,,LIMA,LIMA,SAN_BORJA,150130,20240430
457,SAN_BORJA,20150120,050000,-77.0077,-12.1086,128,,10.3,,LIMA,LIMA,SAN_BORJA,150130,20240430
458,SAN_BORJA,20150120,060000,-77.0077,-12.1086,128,,,,LIMA,LIMA,SAN_BORJA,150130,20240430
459,SAN_BORJA,20150120,070000,-77.0077,-12.1086,128,,7.4,,LIMA,LIMA,SAN_BORJA,150130,20240430
460,SAN_BORJA,20150120,080000,-77.0077,-12.1086,128,,12.5,,LIMA,LIMA,SAN_BORJA,150130,20240430
461,SAN_BORJA,20150120,090000,-77.0077,-12.1086,128,,,,LIMA,LIMA,SAN_BORJA,150130,20240430
462,SAN_BORJA,20150120,100000,-77.0077,-12.1086,128,,6.3,,LIMA,LIMA,SAN_BORJA,150130,20240430
463,SAN_BORJA,20150120,110000,-77.0077,-12.1086,128,,11.4,,LIMA,LIMA,SAN_BORJA,150130,20240430
464,SAN_BORJA,20150120,120000,-77.0077,-12.1086,128,,11.3,,LIMA,LIMA,SAN_BORJA,150130,20240430
465,SAN_BORJA,20150120,130000,-77.0077,-12.1086,128,,9.7,,LIMA,LIMA,SAN_BORJA,150130,20240430
466,SAN_BORJA,20150120,140000,-77.0077,-12.1086,128,,9.6,,LIMA,LIMA,SAN_BORJA,150130,20240430
467,SAN_BORJA,20150120,150000,-77.0077,-12.1086,128,,9.4,,LIMA,LIMA,SAN_BORJA,150130,20240430
468,SAN_BORJA,20150120,160000,-77.0077,-12.1086,128,,10.1,,LIMA,LIMA,SAN_BORJA,150130,20240430
469,SAN_BORJA,20150120,170000,-77.0077,-12.1086,128,,13.1,,LIMA,LIMA,SAN_BORJA,150130,20240430
470,SAN_BORJA,20150120,180000,-77.0077,-12.1086,128,,11.6,,LIMA,LIMA,SAN_BORJA,150130,20240430
471,SAN_BORJA,20150120,190000,-77.0077,-12.1086,128,,19.7,,LIMA,LIMA,SAN_BORJA,150130,20240430
472,SAN_BORJA,20150120,200000,-77.0077,-12.1086,128,,10,,LIMA,LIMA,SAN_BORJA,150130,20240430
473,SAN_BORJA,20150120,210000,-77.0077,-12.1086,128,,7.7,,LIMA,LIMA,SAN_BORJA,150130,20240430
474,SAN_BORJA,20150120,220000,-77.0077,-12.1086,128,,12.8,,LIMA,LIMA,SAN_BORJA,150130,20240430
475,SAN_BORJA,20150120,230000,-77.0077,-12.1086,128,,24.1,,LIMA,LIMA,SAN_BORJA,150130,20240430
476,SAN_BORJA,20150121,000000,-77.0077,-12.1086,128,,15.5,,LIMA,LIMA,SAN_BORJA,150130,20240430
477,SAN_BORJA,20150121,010000,-77.0077,-12.1086,128,,17,,LIMA,LIMA,SAN_BORJA,150130,20240430
478,SAN_BORJA,20150121,020000,-77.0077,-12.1086,128,,16.2,,LIMA,LIMA,SAN_BORJA,150130,20240430
479,SAN_BORJA,20150121,030000,-77.0077,-12.1086,128,,12.4,,LIMA,LIMA,SAN_BORJA,150130,20240430
480,SAN_BORJA,20150121,040000,-77.0077,-12.1086,128,,11.1,,LIMA,LIMA,SAN_BORJA,150130,20240430
481,SAN_BORJA,20150121,050000,-77.0077,-12.1086,128,,7.7,,LIMA,LIMA,SAN_BORJA,150130,20240430
482,SAN_BORJA,20150121,060000,-77.0077,-12.1086,128,,10.8,,LIMA,LIMA,SAN_BORJA,150130,20240430
483,SAN_BORJA,20150121,070000,-77.0077,-12.1086,128,,9.7,,LIMA,LIMA,SAN_BORJA,150130,20240430